"id","en","ru","de","fr","es","hi"
"APPLY","Apply","Применить","Anwenden","Appliquer","Aplicar","लागू"
"ARE_YOU_SURE","Are you sure?","Вы уверены?","Sind Sie sicher?","Etes-vous sûr ?","¿Esta seguro?","क्या यह आपका अंतिम निर्णय है?"
"CANCEL","Cancel","Отмена","Abbrechen","Annuler","Cancelar","रद्द"
"DELETE","Delete","Удалить","Löschen","Supprimer","Borrar","मिटाओ"
"DESC_AUTHOR","Author:","Автор:","Autor:","Auteur :","Autor:","निर्माता"
"DESC_AUTHOR_EMAIL","Author email:","Почта автора:","Autor E-Mail:","Courriel de l'auteur :","Correo electrónico del Autor:","निर्माता ईमेल :"
"DESC_DESCRIPTION","Description:","Описание:","Beschreibung:","Description :","Descripción:","वर्णन :"
"FINISHED_ENTER_YOUR_NAME","Enter your name:","Введите своё имя:","Geben Sie Ihren Namen ein:","Entrer votre nom :","Introduce tu nombre:","अपना नाम लिखिए :"
"FINISHED_ONLINE_MSG_NONE",,,,,,
"FINISHED_ONLINE_MSG_READY","Your game has been successfully submitted.","Ваша игра была успешно добавлена в сетевой рейтинг.","Bitte warten Sie, bis der Server das Spiel geprüft hat.",,,"आपका खेल सफलता पूर्वक ऑनलाइन रेट कर दिया गया है | "
"FINISHED_ONLINE_MSG_WAITING","Please, wait while the server validates your game.","Пожалуйста, подождите, пока сервер подтверждает вашу игру.","Ihr spiel wurde erfolgreich übertragen.",,,"कृपया सर्वर द्वारा आपके खेल प्रमाणित होने का इंतज़ार कीजिये |"
"FINISHED_TITLE_VICTORY","Victory","Победа","Sieg","Victoire","Victoria","जीत"
"FINISHED_TITLE_LOSS","Loss","Поражение","Niederlage","Perdu","Derrota","हार"
"GAME_CANNOT_LOAD_LAST_LAYOUT","The layout you've played last time can no longer be found. Another one was used instead.","Раскладка, в которую вы играли в предыдущий раз, не найдена. Другая была использована взамен.","Das beim letzten Mal verwendete Layout kann nicht mehr gefunden werden. Stattdessen wurde ein anderes benutzt.","La disposition jouée la dernière fois est introuvable. Une autre a été utilisée à  la place.","La capa con la que has jugado la última vez no ha sido encontrada. Otra se utilizó una vez.","जो खाका आपने पिछली बार खेला था वह उपलभ्द नहीं है कृपया कोई और चुने"
"GAME_CANNOT_LOAD_LAST_LAYOUT_SAVE","The layout is no longer available. The save file cannot be used.","Раскладка не найдена. Файл сохранения не может быть использован.","Das Layout ist nicht länger verfügbar. Die gespeicherte Datei kann nicht verwendet werden.","La disposition n'est plus disponible. Le jeu sauvegardé ne peut être utilisé.","La capa no esta esta disponible. El fichero salvado no puede ser usado.","खाका अब उपलभ्द नहीं है | save file प्रयोग नहीं करी जा सकती|"
"GAME_CHANGE_INTERRUPTS","This change will interrupt current game","Это изменение прервёт текущую игру","Diese Änderung wird das laufende Spiel unterbrechen","Ce changement interrompra le jeu en cours","Este cambio interrumpirá la partida actual","ये बदलाव खेल को बीच में रोक देगा |"
"GAME_DIFFICULTY_ALL","All difficulties","Все уровни","Alle Schwierigkeitsstufen","Toutes les difficultés","Todas las dificultades","सारी कठिनाईया"
"GAME_DIFFICULTY_CLASSIC","Classic","Классика","Klassisch","Classique","Clásico","पारंपरिक"
"GAME_DIFFICULTY_EASY","Easy","Легко","Leicht","Facile","Fácil","आसन"
"GAME_DIFFICULTY_MEDIUM","Medium","Средне","Mittel","Moyenne","Media","हल्की कठनाई"
"GAME_ELAPSED_TIME","Elapsed time","Прошедшее время","Vergangene Zeit","Temps écoulé","Tiempo transcurrido","बीता समय"
"GAME_GAME_TYPE_AND_LAYOUT","Game type and layout","Тип игры и раскладка","Spieltyp und Layout","Type de jeu et disposition","Tipo de juego y capa","खेल का प्रकार और खाका"
"GAME_HAS_BEEN_SAVED_AS","The game has been saved as: '%s'","Игра была сохранена как: '%s'","Das Spiel wurde gesichert als: '%s'","Le jeu a été enregistré sous : '%s'","La partida ha sido grabada como: %s'","खेल को संचित कर दिया गया है : “ %s” "
"GAME_HINT","Hint","Подсказка","Hinweise","Suggestion","Hint","सुझाव"
"GAME_INFO","Info","Информация","Info","Informations","Información","सूचना"
"GAME_LOAD","Load","Загрузить","Laden","Charger","Cargar","पुरानाखेल "
"GAME_QUIT","Quit","Выйти из игры","Spiel verlassen","Quitter","Salir","प्रस्थान करे"
"GAME_REMOVED_TILES_ALTOGETHER","Removed tiles / Altogether","Убранные фишки / Всего","Entfernte Spielsteine / Insgesamt","Tuiles supprimées / Au total","Fichas borradas / Total","हटाई गयी टाइल / एक साथ"
"GAME_RESTART","Restart the game","Перезапустить игру","Spiel neu starten","Redémarrer le jeu","Reiniciar la partida","पुनः प्रारंभ"
"GAME_SAVE","Save","Сохранить","Speichern","Sauvegarder","Guardar","संचय करे"
"GAME_SETTINGS","Settings","Настройки","Einstellungen","Paramètres","Opciones","मूल प्रति"
"GAME_SHUFFLE","Shuffle","Перемешать","Vermischen","Mélanger","Barajar","फेटो"
"GAME_SOUND_TRACK","Sound track","Музыкальная дорожка","Soundtrack","Piste sonore","Banda sonora.","ध्वनि"
"GAME_START","Start a new game","Начать новую игру","Neues Spiel starten","Démarrer un nouveau jeu","Comenzar un nuevo juego","नया खेल प्रारम्भ करे"
"GAME_STATS","Statistics","Статистика","Statistik","Statistiques","Estadísticas","आकंडे"
"GAME_TILE_PAIRS_YOU_CAN_REMOVE","Tile pairs you can remove","Пары фишек, которые можно удалить","Spielstein-Paare, die gelöscht werden können","Paires de tuiles que vous pouvez enlever","Pares de fichas que tu puedes eliminar","टाइल जोड़ी जो आप हटा सकते है"
"GAME_TYPE_ALL","All game types","Все типы игр","Alle Spieltypen","Tous les types de jeux","Todos los tipos de partidas","हर शैली के खेल"
"GAME_TYPE_DIFFICULTY_LAYOUT_HINTS_UNDOS_TIME","Type: %s
Difficulty: %s
Layout: %s
Hints: %s
Undos: %s
Time: %s","Тип: %s
Сложность: %s
Раскладка: %s
Подсказки: %s
Отмены: %s
Время: %s","Typ: %s
Schwierigkeit: %s
Layout: %s
Hinweise: %s
Rücknahmen: %s
Zeit: %s","Type : %s
Difficulté : %s
Disposition : %s
Suggestions : %s
Défaits : %s
Temps : %s","Tipo: %s
Dificultad: %s
Capa: %s
Hints: %s
Acciones de deshacer: %s
Tiempo: %s","शैली: %s
कठनाई: %s
खाका: %s
संकेत: %s
अनडू : %s
समय: %s"
"GAME_TYPE_SHISENSHO","Shisen-Sho","Шисен-Сё","Shisen-Sho","Shisen-Sho","Shisen-Sho","शिसेन शो"
"GAME_TYPE_SHISENSHO_GRAVITY","Shisen-Sho + gravity","Шисен-Сё + гравитация","Shisen-Sho + Gravitation","Shisen-Sho + gravité","Shisen-Sho + gravedad","शिसेन शो + गुरुत्वाकर्षण"
"GAME_TYPE_SHISENSHO_GRAVITY_SHORT","Shisen-Sho +g","Шисен-Сё +г","Shisen-Sho +G","Shisen-Sho +g","Shisen-Sho +g","शिसेन शो + जी"
"GAME_TYPE_SOLITAIRE","Solitaire","Пасьянс","Solitär","Solitaire","Solitario","सोलिटैरे"
"GAME_UNDO","Undo","Отменить","Zurücknehmen","Défaire","Deshacer","अनडू"
"GFX_QUALITY_CUSTOM","Custom","Настроить","Benutzerdefiniert","Personnalisée","Modificado","कस्टम"
"GFX_QUALITY_HIGH","High","Высокое","Hoch","Haute","Alto","ज्यादा"
"GFX_QUALITY_LOW","Low","Низкое","Niedrig","Basse","Bajo","कम"
"GFX_QUALITY_MEDIUM","Medium","Среднее","Mittel","Moyenne","Medio","सामान्य"
"HW_NO_SHADER_SUPPORT","Your hardware does not support Shader Model 2.0. This may crash the applications.","Похоже что ваша система не поддерживает Shader Model 2.0. Это может привести к падению приложения.","Ihre Hardware unterstützt kein Shader Modell 2.0. Dies kann zur Spielabstürzen führen.","Votre matériel ne supporte pas le Shader modèle 2.0. Cela peut planter les applications.","Tu hardware no soporta Shader Model 2.0. Esto puede hacer fallar las aplicaciones.","आपका हार्डवेयर शेडर मॉडल २.० नहीं चला सकता |इसके कारण एप्लीकेशन बंद हो सकती है |   "
"INFO_ABOUT","About","О программе","Über","A propos","Acerca de","जानकारी"
"INFO_ABOUT_HOME_URL","http://opengamestudio.org/lang/en/ogs-mahjong","http://opengamestudio.org/lang/ru/ogs-mahjong","http://opengamestudio.org/lang/en/ogs-mahjong","http://opengamestudio.org/lang/en/ogs-mahjong","http://opengamestudio.org/lang/en/ogs-mahjong","http://opengamestudio.org/lang/en/ogs-mahjong"
"INFO_ABOUT_TXT","This is a classic Mahjong Solitaire game. It is a first step on the long road to an Open source RPG we (OGS team) wish to create.
 
Web page:
[window='Info/LinkHome']","Это классическая игра ""Пасьянс Маджонг"". Это первый шаг в длинной дороге к нашей РПГ, которую мы (команда OGS), хотим создать.
 
Веб-страница:
[window='Info/LinkHome']","Dies ist ein klassisches Mahjong Solitaire Spiel. Es ist der erste Schritt auf den langen Weg zum Open-Source-RPG, das wir (das OGS-Team) kreieren möchten.
 
Web-Seite:
[window='Info/LinkHome']","Ceci est un jeu de Mahjong solitaire classique. C'est la premère étape sur la longue route vers un RPG Open Source que nous (équipe OGS) souhaitons créer.
 
Page Web :
[window='Info/LinkHome']","Es un videojuego clásico del Solitario de Mahjong. Es el primer paso del camino hacia Open source RPG nosotros (el equipo de OGS), del que nosotros deseamos crear.
 
Página web:
[window='Info/LinkHome']","यह एक प्रसिद्ध महजोंग सोलिटैरे खेल है |यह ओपन सोर्स RPG की ओर जाने वाली राह में हमारा (OGS दल) पहला कदम है| 

Web page:
[window='Info/LinkHome']"
"INFO_GRATITUDE","Gratitude","Благодарность","Danksagung","Gratitude","Gratitud","आभार"
"INFO_GRATITUDE_TXT","Thanks to:
- Ogre3D team/community for the engine and help;
- Lightfeather team/community for help while this game has been using Lightfeather engine;
- OpenAL-Soft/ALURE developer KittyCat for help.
Special thanks to CrazyEddie for good GUI system and great support.","Благодарим:
- команду/сообщество Ogre3D за движок и помощь;
- команду/сообщество Lightfeather за помощь, когда эта игра использовала движок Lightfeather;
- разработчика OpenAL-Soft/ALURE под псевдонимом KittyCat за помощь.
Особая благодарность CrazyEddie за хорошую систему GUI и отличную поддержку.","Vielen Dank an:
- das Ogre3D Team & Community für die Engine und Ihre Hilfe;
- das Lightfeather Team & Community für die Hilfe mit der Lightfeather Engine;
- den OpenAL-Soft/ALURE Entwickler KittyCat für seine Hilfe.
Besonderer Dank geht an CrazyEddie für sein schönes GUI System und seine große Unterstützung.","Remerciements à  :
- Communautéé/équipe Ogre3D pour le moteur et l'aide ;
- Communauté/équipe Lightfeather pour l'aide durant la période où ce jeu a utilisé le moteur Lightfeather ;
- KittyCat, développeur OpenAL-Soft/ALURE pour l'aide.
Remerciements spéciaux à  CrazyEddie pour le bon système de GUI et le grand soutien.","Gracias a:
- Ogre3D equipo/comunidad por su motor y su ayuda;
- Lightfeather equipo/comunidad por su ayuda mientras este juego usaba el motor Lightfeather;
- OpenAL-Soft/ALURE desarrollador de KittyCat por su ayuda.
Especiales agradecimientos a CrazyEddie por el buen sistema de GUI y el genial soporte.","-Ogre3d दल को इंजन और सहायता के लिए 
-Lightfeather दल को उनकी सहायता के लिए क्यूकि फ़िलहाल ये खेल इन्ही के इंजन पर आधारित है
 -OpenAL -Soft/ALURE के डेवलपर KittyCat ko 
बहुत बहुत धन्यवाद |
CrazyEddie को अच्छे GUI के लिए विशेष धन्यवाद| "
"INFO_LICENSE","License","Лицензия","Lizenz","Licence","Licencia","अनुज्ञापत्र"
"INFO_LICENSE_TXT","Copyright (C) 2010-2012, Opensource Game Studio

OGS Mahjong is free software: you can redistribute it and/or modify
it under the terms of the GNU General Public License as published by
the Free Software Foundation, either version 3 of the License, or
(at your option) any later version.

OGS Mahjong is distributed in the hope that it will be useful,
but WITHOUT ANY WARRANTY; without even the implied warranty of
MERCHANTABILITY or FITNESS FOR A PARTICULAR PURPOSE. See the
GNU General Public License for more details.

You should have received a copy of the GNU General Public License
along with OGS Mahjong. If not, see
[window='Info/LinkLicense']",,,,,
"INFO_RULES","Rules","Правила","Regeln","Règles","Reglas","नियम"
"INFO_RULES_MAHJONG_SOLITAIRE","    Solitaire","    Пасьянс","    Solitär","    Solitaire","    Solitario","    सौलिटैरे"
"INFO_RULES_MAHJONG_SOLITAIRE_TXT","Mahjong Solitaire
 
Goal of the game is to clear the playing field by taking away pairs of identical tiles. The tile can be removed only if it is free, that means there are no other tiles to the left, to the right or on top of it.
[image='set:Rules image:Mahjong']
 
Classic mahjong tiles:
1. Bamboos - tiles with value 1 to 9. The Bamboo tiles with the same color and value are identical.
2. Symbols - tiles with value 1 to 9. The Symbols tiles with the same color and value are identical.
3. Dots - tiles with value 1 to 9. The Dots tiles with the same color and value are identical.
4. Dragons - 3 tiles of different colors. The Dragons tiles with the same color are identical.
5. Winds - 4 pieces with the symbols of different sides of the world. The Winds tiles with the same symbol are identical.
6. Seasons - 4 pieces depicting the seasons. All Seasons tiles are identical.
7. Flowers - 4 pieces with images of flowers. All Flowers tiles are identical.
 
Tiles in various themes may look different.","Пасьянс Маджонг
 
Цель игры - очистить игровое поле, каждый ход убирая с него попарно одинаковые фишки.
Фишка может быть убрана только если она свободна, то есть если слева от нее, справа от нее или на ней нет других фишек.
[image='set:Rules image:Mahjong']
 
Масти фишек классического маджонга:
1. Бамбуки - фишки достоинством от 1 до 9. Одинаковыми считаются фишки масти Бамбуки одного и того же достоинства.
2. Символы - фишки достоинством от 1 до 9. Одинаковыми считаются фишки масти Символы одного и того же достоинства.
3. Точки - фишки достоинством от 1 до 9. Одинаковыми считаются фишки масти Точки одного и того же достоинства.
4. Драконы - 3 фишки разных цветов. Одинаковыми считаются фишки масти Дракон одного и того же цвета.
5. Стороны света - 4 фишки с символами разных сторон света. Одинаковыми считаются фишки масти Стороны света с одним и тем же символом.
6. Времена года - 4 фишки с изображением времен года. Одинаковыми считаются все фишки масти Времена года.
7. Цветы - 4 фишки с изображениями цветов. Одинаковыми считаются все фишки масти Цветы.
 
В различных темах масти фишек могут выглядеть по-разному.","Mahjong Solitaire
 
Ziel des Spieles ist es, das Spielfeld durch Wegnahme von den Paaren identischer Steine frei zu machen.
Der Spielstein kann nur dann entfernt werden, wenn er frei ist, d. h.wenn er auf mindestens einer Seite keinen anderen Stein berührt.
[image='set:Rules image:Mahjong']
 
Klassische Mahjong Spielsteine sind:
1. Die Bambus-Spielsteine haben einen Wert von 1 bis 9. Die Spielsteine mit gleicher Farbe und gleichem Wert sind identisch.
2. Die Symbol-Spielsteine haben einen Wert von 1 bis 9. Die Spielsteine mit gleicher Farbe und gleichem Wert sind identisch.
3. Die Punkte-Spielsteine haben Wert von 1 bis 9. Die Spielsteine mit gleicher Farbe und gleichem Wert sind identisch.
4. Drachen - 3 Spielsteine in verschiedenen Farben.
5. Himmelsrichtungen - 4 Stück mit den Symbolen der verschiedenen Himmelsrichtungen. Die Spielsteine mit dem gleichen Symbol sind identisch.
6. Jahreszeiten - 4 Stück mit der Darstellung der Jahreszeiten. Alle Jahreszeiten-Spielsteine sind identisch.
7. Blumen - 4 Stück mit Bildern von Blumen. Alle Blumen-Spielsteine sind identisch.
 
Spielsteinen in verschiedenen Themen können anders aussehen.","Mahjong solitaire
 
Le but du jeu est de nettoyer l'espace de jeu en enlevant les paires de tuiles identiques. La tuile peut êre enlevée seulement si elle est libre, ce qui signifie qu'il n'y a pas d'autre tuile à  gauche, à  droite ou sur le dessus de celle-ci.
[image='set:Rules image:Mahjong']
 
Tuiles du mahjong classique :
1. Bambous - tuiles avec une valeur de 1 à  9. Les tuiles de bambous avec la même couleur et valeur sont identiques.
2. Symboles - tuiles avec une valeur de 1 à  9. Les tuiles de symboles avec la même couleur et valeur sont identiques.
3. Points - tuiles avec une valeur de 1 à  9. Les tuiles de points avec la même couleur et valeur sont identiques.
4. Dragons - 3 tuiles de différentes couleurs. Les tuiles de dragons avec la même couleur et valeur sont identiques.
5. Vents - 4 pièces avec les symboles des diférents côtés du monde. Les tuiles de vents avec le même symbole sont identiques.
6. Saisons - 4 pièces dépeignant les saisons. Toutes les tuiles de saisons sont identiques.
7. Fleurs - 4 pièces avec des images de fleurs. Toutes les tuiles de fleurs sont identiques.
 
Les tuiles dans les divers thèmes peuvent être différentes.","Mahjong Solitario
 
El objetivo del juego es limpiar la mesa de juego por medio de coger pares de fichas idénticos. Un par de fichas solo se pueden eliminar si esta libre, y signifca que no hay otras fichas en la izquierda, derecha o encima de ella.
[image='set:Rules image:Mahjong']
 
Fichas clásicas del mahjong:
1. Bambús - fichas con un valor entre 1 y 9. Las fichas de Bambú con el mismo color y el mismo valor son idénticas.
2. Símbolos - fichas con un valor entre 1 y 9. Las fichas de Símbolos con el mismo color y el mismo valor son idénticas.
3. Puntos - fichas con un valor entre 1 y 9. Las fichas de Puntos con el mismo color y el mismo valor son idénticas.
4. Dragones - 3 fichas con distinto color. Las fichas de Dragón con el mismo color son idénticas.
5. Vientos - 4 fichas con el mismo símbolo en diferentes lados del mundo. Las fichas de Vientos con el mismo símbolo son idénticas.
6. Estaciones - 4 fichas que representan las estaciones. Todas las Estaciones son idénticas.
7. Flores - 4 fichas con imágenes de flores. Todas las fichas de Flores son idénticas.
 
Fichas con distintos estilos visuales pueden tener una pinta distinta.","महजोंग सोलिटैरे
इस खेल का मकसद हर एक समान टाइल की जोडियो को चुन कर हटाना और खेल शेत्र को खली करना |एक टाइल को तभी हटाया जा सकता है जब उसके दये , बाये व उपर कोई दूसरी टाइल ना हो |
[image='set:Rules image:Mahjong']

प्रसिद्ध महजोंग टाइल्स :
१. बम्बू - टाइल्स के भाव १ से ९ तक होते है | बम्बू टाइल्स जिनका एक समान रंग हो या एक ही भाव हो वो एक सामान होती है |
२. चिह्न - टाइल्स के भाव १ से ९ तक होते है | चिह्न टाइल्स जिनका एक समान रंग हो या एक सामान भाव हो वो एक समान होती है |
३. बिंदु - टाइल्स के भाव १ से ९ तक होते है | बिंदु टाइल्स जिनका एक समान रंग हो या एक सामान भाव हो वो एक समान होती है |
४. ड्रैगन्स - भिन्न रंगों की ३ टाइल्स |ड्रैगन टाइल्स जिनका एक समान रंग हो या एक सामान भाव हो वो एक समान होती है |
५. हवाए - ४ टुकड़े जिन पर दुनिया के अलग अलग कोने के चिन्ह अंकित हो | हवा टाइल जिन पर एक सामान चिह्न हो वह एक सामान होती है | 
६. ऋतुये - ४ टुकड़े जो हर ऋतु को दर्शाए | हर ऋतु कि टाइल समान होती है |
७. फूल - ४ टुकड़े जिन पर फूलो के चित्र हो | हर फूल वाली टाइल एक सामान होती है|

हर प्रसंग की टाइल एक दुसरे से भिन्न लग सकती है |"
"INFO_RULES_SHISEN_SHO","    Shisen-Sho","    Шисен-Сё","    Shisen-Sho","    Shisen-Sho","    Shisen-Sho","    शिसेन शो"
"INFO_RULES_SHISEN_SHO_TXT","Shisen-Sho
 
Goal of the game is to clear the playing field by taking away pairs of identical tiles. A pair of tiles can be removed only if they can be connected by the line with no more than two right angles running through a free space.
[image='set:Rules image:ShisenSho'] [image='set:Rules image:ShisenSho2']
 
Shisen-Sho with gravity
 
Goal of the game is to clear the playing field by taking away pairs of identical tiles. A pair of tiles can be removed only if they can be connected by the line with no more than two right angles running through a free space. After each turn, tiles, that are free at the bottom, will be pushed down to the other tiles or to the bottom row.","Шисен-се
 
Цель игры - очистить игровое поле, каждый ход убирая с него попарно одинаковые фишки.
Пара фишек может быть убрана только если их можно соединить линией с не более чем двумя прямыми углами, проходящей по свободному игровому пространству.
[image='set:Rules image:ShisenSho'] [image='set:Rules image:ShisenSho2']
 
Шисен-се с гравитацией
 
Цель игры - очистить игровое поле, каждый ход убирая с него попарно одинаковые фишки.
Пара фишек может быть убрана только если их можно соединить линией с не более чем двумя прямыми углами, проходящей по свободному игровому пространству.
После каждого хода фишки, свободные с нижней стороны, сдвигаются вниз так, чтобы соприкасаться с другими фишками либо находиться в нижнем ряду.","Shisen-So
 
Ziel des Spieles ist das Spielfeld durch Wegnahme von den Paaren identischer Steine frei zu machen.
Ein Paar von Spielsteinen kann nur dann entfernt werden, wenn sie durch die Linie mit nicht mehr als zwei rechten Winkeln angeschlossen / verbunden werden kann.
[image='set:Rules image:ShisenSho'] [image='set:Rules image:ShisenSho2']
 
Shisen-So + Gravitation
 
Ein Paar von Spielsteinen kann nur dann entfernt werden, wenn sie durch die Linie mit nicht mehr als zwei rechten Winkeln angeschlossen / verbunden werden kann.
Nach jedem Zug werden die Spielsteine, die von der Unterseite frei sind, nach unten verschoben, bis zum sie im Kontakt mit anderen Spielsteinen kommen oder den anderen Spielsteine oder sein Platz an der erste Spiellinie nehmen.","Shisen-Sho
 
Le but du jeu est de nettoyer l'espace de jeu en enlevant les paires de tuiles identiques. Une paire de tuiles peut êre supprimée seulement si elles peuvent être connectées par une ligne avec deux angles droits au plus traversant un espace libre.
[image='set:Rules image:ShisenSho'] [image='set:Rules image:ShisenSho2']
 
Shisen-Sho avec gravité
 
Le but du jeu est de nettoyer l'espace de jeu en enlevant les paires de tuiles identiques. Une paire de tuiles peut être supprimée seulement si elles peuvent êre connectées par une ligne avec deux angles droits au plus traversant un espace libre. Après chaque tour, les tuiles qui sont libres en-dessous seront poussées vers le bas vers les autres tuiles ou vers le rang du bas.","Shisen-Sho
 
El objetivo del juego es limpiar la mesa de juego por medio de coger pares de fichas idénticos. Un par de fichas pueden eliminarse solamente si están conectadas por una linea con no mas de dos ángulos a la derecha a través de un espacio libre sobre la mesa de juego.
[image='set:Rules image:ShisenSho'] [image='set:Rules image:ShisenSho2']
 
Shisen-Sho con gravedad
 
El objetivo del juego es limpiar la mesa de juego por medio de coger pares de fichas idénticos. Un par de fichas pueden eliminarse solamente si están conectadas con no mas de dos ángulos a la derecha a través de un espacio libre sobre la mesa de juego, cuando desaparezcan las otras fichas de encima bajaran un nivel en la fila.","शिसेन सो

इस खेल का मकसद हर एक समान टाइल की जोडियो को चुन कर हटाना और खेल शेत्र को खली करना |एक जोड़ी को तभी हटाया जा सकता है जब उन्हें आपस में एक रेखा से जोड़ा जा सके और रेखा में दो से ज्यादा समकोण न हो|
[image='set:Rules image:ShisenSho']
[image='set:Rules image:ShisenSho2']

गुरुत्वाकर्षण के साथ शिसेन सो

इस खेल का मकसद हर एक समान टाइल की जोडियो को चुन कर हटाना और खेल शेत्र को खली करना |एक जोड़ी को तभी हटाया जा सकता है जब उन्हें आपस में एक रेखा से जोड़ा जा सके और रेखा में दो से ज्यादा समकोण न हो|हर चाल के बाद जो टाइल्स ताल पर मुक्त होती है उन्हें दूसरी टाइल्स के नीचे दाल दिया जायेगा|"
"INFO_SURVEY","Survey","Опрос","Umfrage","Enquête","Encuesta","निरीक्षण"
"INFO_SURVEY_TXT","You're using an unstable version of OGS Mahjong. Would you like to participate in a survey to help us make the game even better?
 
[window='Info/LinkSurvey']","Вы используете нестабильную версию OGS Маджонг. Хотите ли вы принять участие в опросе, чтобы помочь нам сделать игру ещё лучше?
 
[window='Info/LinkSurvey']","Sie benutzen eine instabile Version von OGS Mahjong. Möchten Sie bei unserer Umfrage teilnehmen, damit wir dieses Spiel noch besser machen können?
 
[window='Info/LinkSurvey']","Vous utilisez une version test instable de OGS Mahjong. Voudriez-vous participer à une enquête pour nous aider à rendre le jeu encore meilleur ?
 
[window='Info/LinkSurvey']","Tú puedes estar usando una versión inestable de OGS Mahjong. ¿Te gustaría participar en una encuesta para ayudarnos a hacer el juego aún mejor?
 
[window='Info/LinkSurvey']","आप OGS Mahjong का एक अस्थिर भाग चला रहे है |क्या आप आप इस निरीक्षण में भाग लेना चाहेंगे जिससे हम खेल को और अच्छा बना सके ?

[window='Info/LinkSurvey']"
"INFO_TEAM","Team","Команда","Team","Equipe","Equipo","दल"
"INFO_TEAM_DEVELOPMENT","    Development","    Разработка","    Entwicklung","    Développement","    Desarrollo","    निर्माण"
"INFO_TEAM_DEVELOPMENT_TXT","[image='set:Logos image:OGS'] team:
Michael Kapelko - code and content;
Ivan Korystin - gameplay design, content and QA;
Tatyana Artemyeva - QA.","Команда [image='set:Logos image:OGS']:
Михаил Капелько - код и наполнение;
Иван Корыстин - игровой дизайн, наполнение и контроль качества;
Татьяна Артемьева - QA.","[image='set:Logos image:OGS'] team:
Michael Kapelko - Programmcode und Inhalte;
Ivan Korystin - Gameplay Design, Inhalte und QS;
Tatyana Artemyeva - QS.","Equipe [image='set:Logos image:OGS'] :
Michael Kapelko - code et contenu ;
Ivan Korystin - conception du gameplay, contenu et QA;
Tatyana Artemyeva - QA.","[image='set:Logos image:OGS'] team:
Michael Kapelko - código y contenido;
Ivan Korystin - diseño de jugabilidad, contenido y control de calidad;
Tatyana Artemyeva - control de calidad.","[image='set:Logos image:OGS']दल:
मिचैल कपेलको - कोडिंग और और मूल तत्व
इवान कोर्य्स्तीं - गमेप्लय , मूल तत्त्व और प्रश्न-उत्तर
तात्याना अर्तेम्येवा - प्रश्न-उत्तर"
"INFO_TEAM_TRANSLATION","    Translation","    Перевод","    Übersetzung","    Traduction","    Traducciones","    अनुवाद"
"INFO_TEAM_TRANSLATION_TXT","Abhijeet Pokhriyal - Hindi translation.
Ekaterina Kamshilina - German translation.
Jürgen Rauscher - German translation.
Dirk Pervölz - German translation.
Stefan Stammberger - German translation.
Miguel de Dios - Spanish translation.
Thierry Delaunay - French translation.","Abhijeet Pokhriyal - перевод Хинди.
Екатерина Камшилина - Немецкий перевод.
Jürgen Rauscher - Немецкий перевод.
Dirk Pervölz - Немецкий перевод.
Stefan Stammberger - Немецкий перевод.
Miguel de Dios - Испанский перевод.
Thierry Delaunay - Французский перевод.","Abhijeet Pokhriyal - Hindi Übersetzung.
Ekaterina Kamshilina - Deutsche Übersetzung.
Jürgen Rauscher - Deutsche Übersetzung.
Dirk Pervölz - Deutsche Übersetzung.
Miguel de Dios - Spanische Übersetzung.
Stefan Stammberger - Deutsche Übersetzung.
Thierry Delaunay - Französische Übersetzung.","Ekaterina Kamshilina - traduction originale allemande.
Jürgen Rauscher - a corrigé la traduction originale allemande.
Dirk Pervölz - a corrigé la traduction originale allemande.
Thierry Delaunay - traduction originale française.
Miguel de Dios - traduction espagnole.","Ekaterina Kamshilina - traducción original al Aleman.
Jürgen Rauscher - corrección de la traducción original al Aleman.
Dirk Pervölz - corrección de la traducción original al Aleman.
Thierry Delaunay - Traducción al Francés.
Miguel de Dios - Traducción al Español.","एकतेरिना कम्शिलिना - जर्मन अनुवाद |
जुरगेन रौस्चेर - जर्मन अनुवाद को सही करा |
डर्क पेर्वोल्ज़ - क्गेर्मन अनुवाद को सही करा |
थिएर्र्य देलौने -फ्रेंच अनुवाद |
निगुएल दे दिओस - स्पेनिश अनुवाद |
अभिजीत पोखरियाल - हिंदी अनुवाद |"
"INFO_THIRD_PARTIES","Third parties","Третьи стороны","Software von Drittanbietern","Tierces parties","Terceras librerías","थर्ड पार्टी"
"INFO_THIRD_PARTIES_LIBRARIES","    Libraries","    Библиотеки","    Bibliotheken","    Bibliothèques","    Librerías","    लाइब्रेरीज़"
"INFO_THIRD_PARTIES_LIBRARIES_TXT","[image='set:Logos image:OGRE']
 
[image='set:Logos image:OpenGL']
 
[image='set:Logos image:CEGUI']
 
[image='set:Logos image:OpenAL']","[image='set:Logos image:OGRE']
 
[image='set:Logos image:OpenGL']
 
[image='set:Logos image:CEGUI']
 
[image='set:Logos image:OpenAL']","[image='set:Logos image:OGRE']
 
[image='set:Logos image:OpenGL']
 
[image='set:Logos image:CEGUI']
 
[image='set:Logos image:OpenAL']","[image='set:Logos image:OGRE']
 
[image='set:Logos image:OpenGL']
 
[image='set:Logos image:CEGUI']
 
[image='set:Logos image:OpenAL']","[image='set:Logos image:OGRE']
 
[image='set:Logos image:OpenGL']
 
[image='set:Logos image:CEGUI']
 
[image='set:Logos image:OpenAL']","[image='set:Logos image:OGRE']
 
[image='set:Logos image:OpenGL']
 
[image='set:Logos image:CEGUI']
 
[image='set:Logos image:OpenAL']"
"INFO_THIRD_PARTIES_MEDIA","    Media","    Медиа","    Medien","    Médias","    Recursos multimedia","    कला"
"INFO_THIRD_PARTIES_MEDIA_TXT","Third-party resources:
Anton Chernov - Room model.
Timur Malikin - TileHigh and TileMed tile models.
Raquel Ravanini - images for ""Classic"" theme.
Kevin MacLeod - all tracks in ""Eastern"" and ""Piano"" music packs. Tracks ""Funkorama"", ""Neo Western"" and ""Protofunk"" in ""Modern"" music pack.
Dano - Tracks ""Crazy from the message"", ""King or an alien"", ""Sun spark"", ""The time isnt right"", ""The wire"", ""Today then tomorrow"" and ""What you think"" in ""Modern"" music pack.
Fenster - Track ""Free Software"" in ""Modern"" music pack.
 
You can find more info on third-party resources, their licenses and copyrights in README files, placed in themes or music packs directories.","Сторонние ресурсы:
Антон Чернов - модель Комнаты.
Тимур Маликин - модели фишек: TileHigh и TileMed.
Raquel Ravanini - изображения для темы оформления ""Classic"".
Kevin MacLeod - все музыкальные треки в разделах ""Eastern"" и ""Piano"". Треки ""Funkorama"", ""Neo Western"" и ""Protofunk"" в разделе ""Modern"".
Dano - Музыкальные треки ""Crazy from the message"", ""King or an alien"", ""Sun spark"", ""The time isnt right"", ""The wire"", ""Today then tomorrow"" и ""What you think"" в разделе ""Modern"".
Fenster — Музыкальный трек ""Free Software"" в разделе ""Modern"".
 
Более подробно об использованных сторонних ресурсах, их лицензиях и копирайтах вы можете узнать из файлов README, расположенных в папках тем оформления и музыкальных разделов.","Andere Ressourcen:
Anton Chernov - Raum-Modell.
Timur Malikin - Spielsteinmodelle TileHigh und TileMed.
Raquel Ravanini - Bilder für ""Classic"" theme.
Kevin MacLeod - alle Musikstücke in den ""Eastern"" und ""Piano"" Musik-Paketen. Musikstücke ""Funkorama"", ""Neo Western"" und ""Protofunk"" im ""Modern"" Musikpaket.
Dano - Musikstücke ""Crazy from the message"", ""King or an alien"", ""Sun spark"", ""The time isnt right"", ""The wire"", ""Today then tomorrow"" und ""What you think"" im ""Modern"" Musikpaket.
Fenster - Musikstück ""Free Software"" im""Modern"" Musikpaket.
 
Mehr Infos über andere Ressourcen, ihre Lizenzen und Urheberrechte sind in den Verzeichnissen der Themen oder Musikpakete als Readme-Datei zu finden.","Ressources tierces :
Anton Chernov - Modèle de pièce.
Timur Malikin - modèles de tuiles TileHigh et TileMed.
Raquel Ravanini - images pour le thème ""Classic"".
Kevin MacLeod - toutes les pistes dans les packs de musique ""Eastern"" et ""Piano"". Pistes ""Funkorama"", ""Neo Western"" et ""Protofunk"" dans le pack de musique ""Modern"".
Dano - pistes ""Crazy from the message"", ""King or an alien"", ""Sun spark"", ""The time isnt right"", ""The wire"", ""Today then tomorrow"" et ""What you think"" dans le pack de musique ""Modern"".
Fenster - piste ""Free Software"" dans le pack de musique ""Modern"".
 
Vous pouvez trouver plus d'informations sur les ressources tierces, leurs licences et droits de copie dans les fichiers README, placés dans les dossiers des thèmes ou packs de musique.","Terceros recursos multimedia:
Anton Chernov - Modelo de la habitación.
Timur Malikin - TileHigh y TileMed de los modelos de fichas.
Raquel Ravanini - imágenes para el tema ""Classic"".
Kevin MacLeod - todas las pistas de música en ""Eastern"" y ""Piano"" de los paquetes de música. Las pistas ""Funkorama"", ""Neo Western"" y ""Protofunk"" en el paquete de música ""Modern"".
Dano - pistas de música ""Crazy from the message"", ""King or an alien"", ""Sun spark"", ""The time isnt right"", ""The wire"", ""Today then tomorrow"" y ""What you think"" en el paquete de música ""Modern"".
Fenster - pista de música ""Free Software"" en el paquete de música ""Modern"".
 
Puedes encontrar mas información de los recursos de terceros, sus licencias y derechos de autor en los ficheros README, que estan en los directorios de los temas visuales o los paquetes de música.","थर्ड पार्टी संसाधन : 
अन्तोन चेर्नोव - कमरे का मॉडल |
तिमुर मालिकिन - टाइल-हाई एंड टाइल-मेड टाइल मॉडल |
राकेल रवानिनी -  ""क्लासिक” प्रकरण के चित्र |
केविन मेक-लोड - ""पूर्वी"" और ""पियानो"" की सारी धुनें |
धुनें “Funkorama “ ,” Neo Western”  “Protofunk”  जो कि “Modern” गीत माला में है |
दानो -  “Crazy from the message” ,”King or an alien” ,""Sun spark"", ""The time isnt right"", ""The wire"", ""Today then tomorrow"" and ""What you think"" धुनें जो ""Modern"" गीत माला में है |
फेंस्टर  - “Free Software”धुन जो “Modern” गीत माला में है |

आप हर थर्ड पार्टी संसाधन के बारे में और जानकारी README में पा सकते है |
 "
"INFO_YOUR_HELP","Your help","Ваша помощь","Ihre Hilfe","Votre aide","Tu ayuda","आपकी मदद"
"INFO_YOUR_HELP_DONATION","    Donation","    Пожертвование","    Spende","    Contribution","    Donación","    दान"
"INFO_YOUR_HELP_DONATION_TXT","If you like our work, you can support us. It will help us maintain our site and domain, and will also encourage us to work further.
[window='Info/LinkDonate']","Если вам нравится то, что мы делаем, вы можете поддержать нас. Пожертвовав нам небольшую сумму денег, вы поможете нам поддерживать домен и сайт, а также вдохновите нас на дальнейшую работу.
[window='Info/LinkDonate']","Wenn Sie unsere Arbeit mögen, können Sie uns unterstützen. Es hilft uns, unsere Webseite aufrecht zu erhalten und ermutigt uns, unsere Arbeit weiterzuführen
[window='Info/LinkDonate']","Si vous aimez notre travail, vous pouvez nous soutenir. Cela nous aidera à maintenir notre site et domaine, et aussi nous encouragera à travailler davantage.
[window='Info/LinkDonate']","Si te gusta nuestro trabajo, puedes ayudarnos. Esta nos ayudara a mantener el sitio web y el nombre de dominio, y también nos anima a seguir trabajando.
[window='Info/LinkDonate']","अगर आपको हमारा काम अच्छा लग्तःई तो कृपया हमे प्रोत्साहित करे और दान करे |यह हमे हमारी साईट और डोमेन के सञ्चालन में मदद करेगा |
[window='Info/LinkDonate']"
"INFO_YOUR_HELP_JOIN_US","    Join us","    Присоединяйтесь к нам","    Treten Sie unserem Team bei","    Rejoignez-nous","    Enrolarte con nosotros","    हमसे जुड़े"
"INFO_YOUR_HELP_JOIN_US_TXT","Right now there are only three active members and several contributors in the Opensource Game Studio team. We desperately need more people.
If you want to help us work faster, or do better games (and tools), please consider joining our humble team. Even if you don’t have enough time to be an active member (and I can assure you, this project takes a lot of our spare time), you can still contribute to the project.
You can find more details at this page:
[window='Info/LinkJoin']","В настоящий момент в команде Opensource Game Studio три активных участника и несколько эпизодических. И нам очень нужны новые люди.
Если хотите помочь нам работать быстрее, делать более качественные игры (а также средства разработки), подумайте, пожалуйста, о том, чтобы присоединиться к нашей скромной команде. Даже если у вас недостаточно свободного времени (а вы можете мне поверить, этот проект требует огромного количества свободного времени), вы можете внести свой вклад.
Подробности вы можете узнать на этой странице:
[window='Info/LinkJoin']","Zur Zeit haben wir nur 3 aktive Mitglieder und diverse Mithelfer im Team des Opensource Game Studios. Wir benötigen dringend weitere Helfer.
Wenn Sie uns helfen wollen, schneller zu arbeiten oder bessere Spiele (und Tools) zu erstellen, treten Sie unserem bescheidenem Team bei. Selbst wenn Sie nicht genug Zeit haben, um als aktives Mitglied (und glauben Sie uns, dieses Projekt nimmt eine Menge unserer wenigen freien Zeit ein) mitzuwirken, können Sie uns dennoch helfen.
Mehr Details dazu finden Sie hier:
[window='Info/LinkJoin']","Actuellement il n'y a que trois membres actifs et quelques contributeurs dans l'équipe de Opensource Game Studio. Nous avons désespérément besoin de plus de personnes.
Si vous voulez nous aider à travailler plus vite ou créer de meilleurs jeux (et outils), merci d'envisager de rejoindre notre humble équipe. Même si vous n'avez pas assez de temps pour être un membre actif (et je peux vous assurer que ce projet prends beaucoup de notre temps libre), vous pouvez quand même contribuer au projet.
Vous pouvez trouver plus de détails sur cette page :
[window='Info/LinkJoin']","En este momento sólo hay tres miembros activos y varios colaboradores en el equipo de Game Studio Opensource. Necesitamos desesperadamente más personas.
Si quieres ayudarnos a trabajar más rápido, o hacer mejores juegos (y herramientas), por favor considere unirse a nuestro equipo humilde. Incluso si usted no tiene tiempo suficiente para ser un miembro activo (y les puedo asegurar, este proyecto tiene una gran cantidad de nuestro tiempo libre), puede contribuir al proyecto.
Puedes encontrar mas detalles en la esta página:
[window='Info/LinkJoin']","अभी केवल तीन ही स्थाई सदस्य और कई और सदस्य ओपेंसौर्स गेम स्टूडियो में शामिल है|अगर आप हमे और तेज़ी से काम करते देखना चाहते है और अच्छे खेल बनाते देखना चाहते है तो आप कृपा करके हमारे साथ जुड़े |भले ही आप पर पर्याप्त समय न हो तब भी आप हमसे जुड़ सकते है|
आप और जानकारी यहाँ प्राप्त कर सकते है|
[window='Info/LinkJoin']"
"LOAD_INFO","Type: %s
Difficulty: %s
Layout: %s
Hints: %s
Undos: %s
Time: %s","Тип: %s
Сложность: %s
Раскладка: %s
Подсказок: %s
Отмена: %s
Время: %s","Typ: %s
Schwierigkeit: %s
Layout: %s
Tipps: %s
Rücknahmen: %s
Dauer: %s","Type : %s
Difficulté : %s
Disposition : %s
Suggestions : %s
Défaits : %s
Temps : %s","Tipo: %s
Dificultad: %s
Capa: %s
Hints: %s
Acciones de deshacer: %s
Tiempo: %s","शैली: %s
कठनाई: %s
खाका: %s
संकेत: %s
अनडू : %s
समय: %s"
"LOAD_LOAD","Load","Загрузить","Laden","Charger","Cargar","पुराना खेल"
"LOADING","Loading","Загрузка","Lade",,,
"NO","No","Нет","Nein","Non","No","नहीं"
"NO_DESC","No description","Нет описания","Keine Beschreibung","Pas de description","Sin descripción","कोई जानकारी नहीं"
"OK","OK","OK","OK","OK","OK","OK"
"ONLINE_INVALID_DIFFICULTY","The server does not support such game difficulty.","Сервер не поддерживат такую игровую сложность.","Der Server unterstützt den gewählten Schwierigkeitsgrad nicht.",,,"यह सर्वर आपके स्तर की कठनाई वाला नहीं है"
"ONLINE_INVALID_LAYOUT","The server does not support such game layout.","Сервер не поддерживат такую игровую раскладку.","Der Server unterstützt das gewählte Layout nicht.",,,"यह सर्वर इस खाका वाला नहीं है|"
"ONLINE_INVALID_TYPE","The server does not support such game type.","Сервер не поддерживат такой тип игры.","Der Server unterstützt den gewählten Spieltyp nicht.",,,"यह सर्वर इस खेल की शैली वाला नहीं है |"
"ONLINE_SCORING","Online scoring","Сетевой рейтинг","Online Highscores.",,,
"SAVE_GAME_BEFORE_EXIT","Do you want to save the game before exit?","Сохранить игру перед выходом?","Wollen Sie das Spiel vor dem Beenden speichern?","Voulez-vous sauvegarder le jeu avant de quitter ?","¿Quiere salvar antes de salir?","क्या आप निकास से पहले खेल को संचित करना चाहते है |"
"SETTINGS_ANTIALIASING","Anti-aliasing:","Сглаживание:","Anti-Aliasing:","Anti-aliasing :","Anti-aliasing:","एंटी-एलिएसिंग"
"SETTINGS_AUDIO","Audio","Аудио","Audio","Audio","Sonido","आवाज़"
"SETTINGS_CAMERA_TRACKS","Camera animation","Анимация камеры","Kameraanimationen","Animation de la caméra","Animación de la la cámara","कैमरा की सजीवता"
"SETTINGS_CONTROLS","Controls","Управление","Steuerung","Contrôles","Controles","नियंत्रण"
"SETTINGS_DESC_ANTIALIASING","The larger is the antialiasing factor, the smoother are object edges","Чем выше сглаживание, тем более гладкими будут грани объектов.","Je höher der Anti-Aliasing-Faktor, desto glatter werden die Objektkanten dargestellt.","Plus grand est le facteur d'antialiasing, plus les angles des objets sont lisses","El factor de antialiasing es alto, se suaviza las aristas de los objetos","जितना बड़ा एंटी-एलिएसिंग का भाव होगा ,वास्तु के कोने उतने ही चिकने होंगे|"
"SETTINGS_DESC_AUDIO","Game sounding","Звучание игры","Spielgeräusche","Sonorisation du jeu","Sonido del juego","खेल की आवाज़"
"SETTINGS_DESC_CAMERA_TRACKS","Camera animations take place at start, end, pause, unpause of the game. Not all scenes have camera animations.","Анимация камеры происходит при старте, окончании, паузе игры. Не все сцены содержат анимацию камеры.","Kameraanimationen erfolgen, wenn Sie das Spiel starten, beenden, pausieren oder wiederaufnehmen. Nicht alle Szenen haben Kameraanimationen.","Les animations de la caméra se produisent au démarrage, à la pause et la reprise du jeu. Toutes les scènes n'ont pas d'animation de la caméra.","Las animaciones de la cámara toman Camera se harán al principio, al final, al parar y recomenzar la partida. No todas las escenas tienen animaciones de cámara.","कैमरा की सजीवता खेल की शुरुआत , अंत , रुकने और चलने पर दिखाई देगी |हर दृश्य में कैमरा की सज्वीवता नहीं है |"
"SETTINGS_DESC_DIFFICULTY","Classic difficulty corresponds to a normal Mahjong with full tile set. Lower difficulties have reduced tile sets.","Классическая сложность соответствует обычному Маджонгу с полным набором фишек. Другие сложности имеют уменьшенные наборы фишек.","Der klassische Schwierigkeitsgrad ergibt ein normales Mahjong-Spielfeld mit allen Spielsteinarten. Niedrigere Schwierigkeitsgrade ergeben Spielfelder mit weniger Spielsteinarten.","La difficulté classique corresponds à un Mahjong normal avec le jeu complet de tuiles. Les difficultés plus basses ont des jeux de tuiles réduits.","La dificultad clásica es como el Mahjong normal con todo el set de fichas. Menores dificultades reducen el numero de fichas en el set.","प्रसिद्ध कठनाई वाले खेल में पूरा महजोंग टाइल सेट होगा |इससे कम कठनाई वाले खेलो में कम टाइल्स होंगी|"
"SETTINGS_DESC_DYNCAM","If enabled, camera is deflected slightly when you move the mouse around","Если включено, камера слегка отклоняется при движении мыши","Wenn aktiviert, neigt sich die Ansicht bei Bewegungen der Maus","Si activée, la caméra défléchit légèrement lorsque vous bougez la souris autour","Si esta habilitado, la cámara se mueve ligeramente cuando se mueve el ratón","अगर सुविधा ऑन है तो कैमरा माउस हिलने पर हल्का सा हिलता है |"
"SETTINGS_DESC_DYNCAM_DEFLECTION","Camera deflection factor","Степень отклонения камеры","Neigungsfaktor der Ansicht","Faction de déflection de la caméra","Factor de movimiento de la cámara","कैमरा के हिलने का माप"
"SETTINGS_DESC_FULLSCREEN","Use the whole screen for the game","Использовать весь экран для игры","Benutze den ganzen Bildschirm für das Spiel","Utiliser l'écran entier pour le jeu","Usa toda la pantalla para el videojuego","पूरी स्क्रीन को खेल के लिए उपयोग करे |"
"SETTINGS_DESC_GAME","Game behaviour
 
ATTENTION! Online scoring login and password are stored in plain text in ""online"" file located in OGS Mahjong settings directory. Never share it with anyone.
 
[window='Settings/OpenSettingsDir']","Поведение игры
 
ВНИМАНИЕ! Ваши логин и пароль сетевого рейтинга хранятся прямым текстом в файле ""online"", находящемся в директории настроек OGS Mahjong. Никогда никому его не давайте.
 
[window='Settings/OpenSettingsDir']","Spielverhalten
 
ACHTUNG! Ihr Benutzername und Passwort wird im Klartext in der Datei “online” im OGS Mahjong Einstellungsordner abgelegt. Teilen Sie diese Datei niemals mit anderen Personen.
 
[window='Settings/OpenSettingsDir']","Comportement du jeu
[window='Settings/OpenSettingsDir']","Comportamiento del juego
[window='Settings/OpenSettingsDir']","खेल का व्यवहार
[window='Settings/OpenSettingsDir']"
"SETTINGS_DESC_GENERAL_VOLUME","General volume controls the volume of both sound effects and background music. If you disable it, the game will make no sound.","Общая громкость контролирует громкость как звуковых эффектов, так и фоновой музыки. Если вы выключите её, игра будет без звука.","Die Allgemeine Lautstärke regelt die Lautstärke sowohl der Soundeffekte als auch der Musik. Wenn Sie es deaktivieren, wird das Spiel keinen Sound ausgeben.","Le volume général contrôle le volume à la fois des effets sonores et de la musique de fond. Si vous le désactivez, le jeu ne produit aucun son.","Control general de volumen es de los dos efectos de sonido y música de fondo. Si la desactiva, el juego hará ningún sonido.","सामन्य आवाज़ के कंट्रोल्स आवाज़ सांभर और गीत दोनों की तीव्रता को सँभालते है| "
"SETTINGS_DESC_GFX_QUALITY","Select desired quality instead of tweaking each video parameter. If you want to tweak everything manually, select Custom.","Выберите желаемое качество вместо настройки каждого видеопараметра. Если вы хотите настроить всё самостоятельно, выберите Настроить.","Wählen Sie eine Qualitätseinstellung, wenn Sie nicht jeden einzelnen Grafikparameter einstellen wollen. Wählen Sie Benutzerdefiniert, wenn Sie jede Einstellung selber vornehmen möchten.","Sélectionner la qualité désirée au lieu de régler chaque paramètre vidéo. Si vous voulez régler tout manuellement, sélectionnez Personnalisée.","Seleccione la calidad deseada en lugar de ajustar cada parámetro de video. Si desea ajustar todo manualmente, seleccione Personalizar.","हर एक माप को स्वयं बदले के लिए कस्टम चुने अथवा इनमे से एक श्रेणी को चुने |"
"SETTINGS_DESC_HIGHLIGHT_LAYERS","Highlight layers of tiles to easier tell them apart","Подсвечивать слои фишек, чтобы легче различать их","Ebenen werden hervorgehoben, um einen besseren Überblick zu bekommen","Surligner les couches pour les distinguer plus facilement","Destacar las capas de fichas para hacer mas fácil apartarlas","टाइल्स की परतों को आसानी से पहचानने के लिए उन्हें चिह्नांकित करे |"
"SETTINGS_DESC_LANGUAGE","Language of the game","Язык игры","Sprache des Spiels","Langage du jeu","Idioma del juego","खेल की भाषा"
"SETTINGS_DESC_MOUSE_SENSITIVITY","The higher the sensitivity, the faster the mouse moves","Чем выше чувствительность, тем быстрее двигается мышь","Je höher die Sensitivität, desto schneller wird sich die Maus bewegen","Plus la sensibilité est haute, plus vite la souris se déplace","Cuanto mayor sea la sensibilidad, más rápido se mueve el ratón","जितनी ज्यादा संवेदनशीलता उतनी तेज़ी से माउस चलेगा"
"SETTINGS_DESC_MUSIC_PACKS","Music packs contain various groups of music tracks. If you disable them all, there will be no background music.","Музыкальные группы содержат разные комбинации музыкальных дорожек. Если вы выключите их все, фоновой музыки не будет.","Musikpakete enthalten verschiedene Gruppen von Musikstücken. Wenn Sie alle deaktivieren, wird keine Hintergrundmusik ausgegeben.","Les packs de musique contiennent différents groupes de pistes musicales. Si vous les désactivez tous, il n'y aura pas de musique de fond.","Los paquetes de música contienen varios grupos de pistas de música. Si desactivarlos todos, no habrá música de fondo.","गीत माला में भिन्न प्रकार के गीत है | अगर आप सबको बंद कर देंगे तो कोई गीत नहीं बजेगा |"
"SETTINGS_DESC_MUSIC_VOLUME","Background music volume","Громкость фоновой музыки","Lautstärke Hintergrundmusik","Volume de la musique de fond","Volumen de la música de fondo","गीतों की तीव्रता "
"SETTINGS_DESC_ONLINE","When you play an online scored game your result is available in the global scoring table.","В случае игры с сетевым рейтингом ваш результат доступен в глобальном рейтинге.","Wenn Sie ein bewertetes Online-Spiel spielen, wird Ihr Highscore weltweit online einsehbar sein.",,,
"SETTINGS_DESC_ONLY_HORIZONTAL","Horizontal deflection only","Отклонение лишь по горизонтали","Nur horizontale Neigung","Déflection horizontale seulement","Movimiento horizontal sólo","केवल क्षैतिज झुकाव "
"SETTINGS_DESC_RES","Game window resolution. Contains several standard resolutions and current one on the last line if it differs from standard ones. Try to resize the window and you'll see it changing.","Разрешение окна игры. Содержит несколько стандартных разрешений и текущее на последней строке, если оно отличается от стандартных. Попробуйте изменить размер окна и увидите, как оно меняется.","Größe des Spielfensters. Enthält diverse Standardgrößen und die aktuelle Fenstergröße als letzte Linie (wenn es keine Standardgröße ist). Versuchen Sie, die Fenstergröße zu ändern und Sie werden die Änderung sehen.","Résolution de la fenêtre de jeu. Contient différentes résolutions standards et celle courante sur la dernière ligne si elle différère de celles standards. Essayez de redimensionner la fenêtre et vous la verrez changer.","Resolución de la ventana del juego. Contiene varias resoluciones estándar y una corriente en la última línea, si es distinto de los estándar. Trate de cambiar el tamaño de la ventana y vera que cambia.","खेल विंडो की रेसोल्यूशन | इसमें कई मान्य रेसोल्यूशन है और अगर अभी वाली रेसोलुतिओं मान्य नहीं है तो वेह आखरी पंक्ति में मौजूद है| विंडो का आकर बदलते ही आपको अंतर दिख जायेगा|"
"SETTINGS_DESC_RESTRICT_CAM_ROTATION","When restricted, camera is only allowed to move in a range that is most suitable for playing. However, if you want to look around, you can remove the restriction and rotate freely.","При ограничении камере дозволено двигаться лишь в пределах, наиболее удобных для игры. Тем не менее, если вы хотите осмотреться вокруг, можете убрать ограничение и вращать камеру свободно.","Wenn begrenzt, ist die Spielansicht auf einen Bereich begrenzt, der optimal für das Spielen ist. Wenn Sie sich umschauen wollen, können Sie diese Begrenzung herausnehmen und die Ansicht damit frei auswählen.","Quand elle est restreinte, la caméra est seulement autorisée à se déplacer dans une étendue qui est davantage conçue pour le jeu. Toutefois, si vous voulez voir autour, vous pouvez enlever la restriction et pivoter librement.","Cuando esta restringido, la cámara sólo puede moverse en un rango que es el más adecuado para la reproducción. Sin embargo, si usted quiere mirar a su alrededor, se puede quitar la restricción y girar libremente.","जब कैमरे पर रोक लगी हो तो वह केवल उतना ही हिलेगा जितने में खेल खेलने में आसानी हो |पर अगर आप चाहे तो यह रोक हटा सकते है |"
"SETTINGS_DESC_SCENE","Scene deifines the look of environment for tiles","Сцена определяет вид окружения для фишек","Szene definiert das Aussehen der Umgebung  für die Spielsteine","La scène définit l'aspect de l'environnement pour les tuiles","Escena define el aspecto del entorno de las fichas","दृश्य टाइल्स के रूप को निर्धारित करता है |"
"SETTINGS_DESC_SHADERS","If enabled, objects will look more natural","Если включено, объекты будут выглядеть более правдоподобно","Wenn aktiviert, sehen die Objekte natürlicher aus.","Si activé, les objets paraîtront plus naturels","Si está activado, los objetos se vean más naturales","अगर इसे ऑन करा तो वस्तुए ज्यादा सहेज लगेंगी |"
"SETTINGS_DESC_SHADOWS","If enabled, objects cast shadows","Если включено, объекты отбрасывают тень","Wenn aktiviert, werfen die Objekte Schatten.","Si activé, les objets perdent leur ombre","Si se activa, los objetos pierden su sombra","अगर इसे ऑन करा तो वस्तुओ की परछाई दिखेगी |"
"SETTINGS_DESC_SOUND_FX_VOLUME","Sound effects' volume","Громкость звуковых эффектов","Soundeffekt-Lautstärke","Volume des effets sonores","Volumen de los efectos de sonido","ध्वनी की तीव्रता |"
"SETTINGS_DESC_TEXTURE_FILTERING","Defines smoothness of textures on objects","Определяет гладкость текстур на объектах","Definiert die Gleichmäßigkeit der Texturen auf Objekten","Définit la douceur des textures sur les objets","Ajusta la suavidad de las texturas en los objetos","यह वस्तुओ की बुनावट की चिकनाई निर्धारित करती है |"
"SETTINGS_DESC_THEME","Theme defines the look of tiles and victory/loss sounds/screens","Тема определяет вид фишек и звуки/экраны победы/поражения","Das Theme definiert das Aussehen der Spielsteine und der Sounds & Grafiken bei Sieg/Niederlage.","Le thème définit l'aspect des tuiles ainsi que les sons/écrans en cas de victoire/défaite","Tema define el aspecto de las fichas y la victoria / pérdida sonidos / pantallas","मूल विषय टाइल्स की दिखावट और जीत/हार की धुनों को निर्धारित करता है |"
"SETTINGS_DESC_THEMES","Game look","Вид игры","Aussehen des Spiels","Aspect du jeu","Aspecto del juego","खेल की दिखावट"
"SETTINGS_DESC_TILE","The higher the quality, the better tiles look","Чем выше качество, тем лучше фишки выглядят","Je höher die Qualität, desto besser sehen die Spielsteine aus","Plus la qualité est haute, meilleur est l'aspect des tuiles","La mejor calidad, hace que se vean mejor las fichas","जितनी ज्यादा गुणवत्ता टाइल्स उतनी ही बेहतर दिखेंगी |"
"SETTINGS_DESC_UPDATE_CHECK","Check for updates happens at startup.","Проверка обновлений происходит при старте.","Updates werden beim Spielstart gesucht.","La vérification des mises à jour se produit au démarrage","La comprobación de actualizaciones se hace al comienzo","नवीनीकरण के लिए जाँच शुरू में ही होती है |"
"SETTINGS_DESC_VIDEO","Video quality.
 
If video settings has been selected inappropriatly the first time you run the game, please, report correct settings to our [window='Settings/LinkForumVideoSettings']. Instructions are in the first post.","Качество видео.
 
Если настройки видео были выбраны неверно во время первого запуска игры, пожалуйста, сообщите верные настройки на наш [window='Settings/LinkForumVideoSettings']. Инструкции в первом сообщении.","Videoqualität.
 
Falls die Videoeinstellungen beim ersten Starten des Spiels falsch eingestellt wurden, berichten Sie die korrekten Einstellungen an [window='Settings/LinkForumVideoSettings']. Instruktionen dazu finden Sie im ersten Beitrag.","Qualité vidéo.
 
Si les réglages vidéo n'ont pas été sélectionnés de façon appropriée la première fois que vous lancez le jeu, merci de soumettre les réglages corrects à notre  [window='Settings/LinkForumVideoSettings']. Les instructions sont dans le premier sujet.","La calidad de video.
 
Si la configuración de vídeo no fueron seleccionados adecuadamente la primera vez que inicie el juego, gracias por enviar la configuración correcta en nuestro [window='Settings/LinkForumVideoSettings']. Las instrucciones están en el primer post del foro .","चल चित्र की गुणवत्ता |

अगर चल चित्र को गलत तरह से विन्यास कर दिया गया था तो कृपया सही विन्यास हमारे [window='Settings/LinkForumVideoSettings'].आदेश पहले पोस्ट में है |"
"SETTINGS_DESC_VSYNC","Enable this if you experience screen tearing","Включите это, если изображение на экране «рвётся»","Aktivieren Sie diese Einstellung, wenn Sie Tearing feststellen","Activer ceci si vous expérimentez une déchirure verticale de l'écran","Active esta opción si usted experimenta efectos de tearing en la pantalla","इससे ऑन करे अगर आपकी स्क्रीन फटती है |"
"SETTINGS_DIFFICULTY","Difficulty:","Сложность:","Schwierigkeit:","Difficulté :","Dificultad:","कठनाई :"
"SETTINGS_DYNCAM","Dynamic camera","Динамическая камера","Dynamische Kamera","Caméra dynamique","Cámara dinámica","गतिशील कैमरा"
"SETTINGS_DYNCAM_DEFLECTION","Deflection of dynamic camera:","Отклонение динамической камеры:","Ablenkung der dynamischen Kamera:","Déflection de la caméra dynamique :","Movimiento de la cámara dinámica:","गतिशील कैमरा का झुकाव :"
"SETTINGS_FORUM","forum","форум","Forum","forum","foro","गोष्ठी"
"SETTINGS_FULLSCREEN","Full screen","На весь экран","Vollbild","Plein écran","Pantalla completa","पूरी स्क्रीन"
"SETTINGS_GAME","Game","Игра","Spiel","Jeu","Juego","खेल "
"SETTINGS_GENERAL_VOLUME","General volume:","Общая громкость:","Allgemeine Lautstärke:","Volume général :","Volumen general:","सामान्य आवाज़ की तीव्रता :"
"SETTINGS_GFX_QUALITY","Graphics quality:","Качество графики:","Grafikqualität:","Qualité graphique :","Calidad de los gráficos:","चित्रमुद्रण की गुणवत्ता :"
"SETTINGS_HIGHLIGHT_LAYERS","Highlight layers","Подсвечивать слои","Ebenen hervorheben","Surligner les couches","Destacar las capas","पट्टियों को चिह्नांकित करे "
"SETTINGS_LANGUAGE","Language:","Язык:","Sprache:","Langage :","Idioma:","भाषा :"
"SETTINGS_LINK_FORUM_VIDEO_SETTINGS","http://opengamestudio.org/topic/video-settings-autodetection","http://opengamestudio.org/topic/video-settings-autodetection","http://opengamestudio.org/topic/video-settings-autodetection","http://opengamestudio.org/topic/video-settings-autodetection","http://opengamestudio.org/topic/video-settings-autodetection","http://opengamestudio.org/topic/video-settings-autodetection"
"SETTINGS_MOUSE_SENSITIVITY","Mouse sensitivity:","Чувствительность мыши:","Maus-Empfindlichkeit:","Sensibilité de la souris :","Sensibilidad del ratón:","माउस की संवेदनशीलता :"
"SETTINGS_MUSIC_PACKS","Music packs:","Музыкальные группы:","Musik-Pakete:","Packs de musique :","Paquetes de música:","गीत माला :"
"SETTINGS_MUSIC_VOLUME","Music volume:","Громкость музыки:","Musik-Lautstärke:","Volume de la musique :","Volumen de la música:","गीतों की तीव्रता :"
"SETTINGS_ONLINE_LOGIN","Login:","Логин:","Login:",,,
"SETTINGS_ONLINE_PASSWORD","Password:","Пароль:","Passwort:",,,
"SETTINGS_ONLY_HORIZONTAL","Only horizontal","Только по горизонтали","Nur waagerecht","Horizontal seul","Solo horizontal","केवल क्षैतिज "
"SETTINGS_OPEN_SETTINGS_DIR","Open settings directory","Открыть директорию настроек","Einstellungsordner öffnen",,,
"SETTINGS_RES","Resolution:","Разрешение:","Auflösung:","Résolution :","Resolución:","रेसोल्यूशन :"
"SETTINGS_RESTRICT_CAM_ROTATION","Restrict camera rotation","Ограничивать вращение камеры","Kameradrehung einschränken","Restreindre la rotation de la caméra","Restringir rotación de la cámara","कैमरे के घुमाव को बाधित करे  "
"SETTINGS_SCENE","Scene:","Сцена:","Szene","Scène :","Escena:","दृश्य :"
"SETTINGS_SHADERS","Shaders","Шейдеры","Shader","Shaders","Shaders","शादेर्स "
"SETTINGS_SHADOWS","Shadows","Тени","Schatten","Ombres","Sombras","परछाई"
"SETTINGS_SOUND_FX_VOLUME","Sound effects' volume:","Громкость звуковых эффектов:","Soundeffekt-Lautstärke:","Volume des effects sonores :","Volumen de los efectos de sonido:","ध्वनी की तीव्रता"
"SETTINGS_TEXTURE_FILTERING","Texture filtering:","Фильтрация текстур:","Texturfilterung:","Filtrage de texture :","Filtrado de textura:","बुनावट की फ़िल्टरिंग"
"SETTINGS_THEME","Theme:","Тема:","Thema:","Thème :","Tema:","मूल वास्तु:"
"SETTINGS_THEMES","Themes","Темы","Theme","Thèmes","Temas","मूल वस्तुए"
"SETTINGS_TILE","Tile detalization:","Детализация фишки:","Details der Spielsteine:","Niveau de détail de la tuile :","Nivel de detalle de las fichas:","टाइल की डिटेल की जानकारी :"
"SETTINGS_UPDATE_CHECK","Check for updates","Проверять обновления","Nach Updates suchen","Vérifier les mises à jour","Comprobando actualizaciones","नवीनीकरण के लिए जाँच |"
"SETTINGS_VIDEO","Video","Видео","Video","Vidéo","Vídeo","चल चित्र"
"SETTINGS_VSYNC","VSync","Верт. синхронизация","Vsync","VSync","VSync","Vsync"
"STATISTICS_DIFFICULTY","Difficulty","Сложность","Schwierigkeit","Difficulté","Dificultad","कठनाई :"
"STATISTICS_FAIR_GAMES_ONLY","Fair games only","Только честные партии","Nur faire Spiele","Jeux faciles seulement","Juegos sencillos sólo","केवल नयय्युक्त खेल"
"STATISTICS_GAME","Game","Игра","Spiel","Jeu","Juego","खेल "
"STATISTICS_LAYOUT","Layout","Раскладка","Layout","Disposition","Capa","खाका"
"STATISTICS_NAME","Name","Имя","Name","Nom","Nombre","नाम"
"STATISTICS_ONLINE_FIND_MYSELF","Find myself","Найти меня","Mich finden",,,
"STATISTICS_ONLINE_NO_LOGIN","No login provided (Settings > Game tab)","Не указан логин (Настройки > вкладка Игра)",,,,
"STATISTICS_SHISENSHO_G","Shisen-Sho g","Шисен-Сё г","Shisen-Sho g","Shisen-Sho g","Shisen-Sho g","शिसेन-सो जी"
"TEXTURE_FILTERING_ANISOTROPIC","Anisotropic","Анизотропная","Anisotropisch","Anisotropique","Anisotropico","अनिसोत्रोपिक"
"TEXTURE_FILTERING_BILINEAR","Bilinear","Билинейная","Bilinear","Bilinéaire","Bilineal","बिलिनेअर"
"TEXTURE_FILTERING_LINEAR","Linear","Линейная","Linear","Linéaire","Lineal","रेखाकार"
"TEXTURE_FILTERING_NONE","None","Нет","Keine","Aucun","Ninguno","कोई नहीं"
"TEXTURE_FILTERING_TRILINEAR","Trilinear","Трилинейная","Trilinear","Trilinéaire","Trilineal","ट्राई लीनियर"
"THEME_CLASSIC","Classic","Классика","Klassisch","Classique","Clásico","प्रसिद्ध"
"THEME_DISTROS","Distros","Дистрибутивы","Distros","Distros","Distros","वितरण"
"TILE_HIGH","High","Высокая","Hoch","Haut","Alta","प्रखर"
"TILE_LOW","Low","Низкая","Niedrig","Bas","Baja","अव्क्रिष्ट"
"TILE_MEDIUM","Medium","Средняя","Mittel","Moyen","Media","सामान्य"
"TUTORIAL_DYNCAM","Dynamic camera
 
The game uses the dynamic camera feature. It is designed to make the gameplay more comfortable by slightly turning the table when you move the mouse. It's enabled by default.
 
Do you want to leave it enabled or disable it? (You can enabled/disable it later in Settings)","Динамическая камера
 
В игре используется динамическая камера. Она призвана сделать игру более комфортной, чуть поворачивая игровое поле, когда вы двигаете мышью. По-умолчанию она включена.
 
Желаете ли вы оставить её включенной? (Вы можете включить/отключить её позже в Настройках)","Dynamische Kamera
 
Das Spiel nutzt eine dynamische Kamera, um das Gameplay komfortabler zu machen. Wenn Sie die Maus bewegen, dreht sich das Spielfeld leicht. Standardmässig ist diese Kamera aktiviert.
 
Möchten Sie dies Einstellung behalten oder deaktivieren? (Sie können dies auch später in den Einstellungen ändern)","Caméra dynamique
 
Le jeu utilise la fonction de caméra dynamique. Elle est conçue pour rendre le jeu plus confortable en faisant tourner légèrement la table quand vous bougez la souris. Elle est activée par défaut.
 
Voulez-vous la laisser activée ou la désactiver ? (Vous pouvez l'activer/la désactiver plus tard dans les Paramètres)","Cámara dinámica
 
El juego utiliza la función de cámara de forma dinámica. Está diseñado para que el juego sea más cómodo girar la mesa ligeramente cuando se mueve el ratón. Está habilitado de forma predeterminada.
 
¿se lo dejo encendido o apagado? (Se puede activar / desactivar más tarde en Ajustes)","गतिशील कैमरा 

यह खेल गतिशील कैमरा का प्रयोग करता है |यह खेलने के अनुभव को सुगम बनाने के लिए बना है ताकि आप आसानी से माउस द्वारा मेज़ को हिला सके | यह आमतौर पर ऑन होता है |

क्या आप इसे ऑन छोड़ना चाहते है ?(आप बाद में इसे बंद कर सकते है)"
"TUTORIAL_DYNCAM_DISABLE","Disable","Отключить","Deaktivieren","Désactiver","Deshabilitado","बंद करे"
"TUTORIAL_DYNCAM_LEAVE_ENABLED","Leave enabled","Оставить включенной","Aktiviert lassen","Laisser activé","Deja habilitado","खुला रहने दे"
"TUTORIAL_FIRST_RUN","First run
 
To select a tile, click it with the left mouse button.
Select a pair of tiles to remove them.
 
To control the camera, hold the right mouse button and move the mouse. Or use arrows and +/- keys without Shift.
To reset the camera position, press X.
 
To hide this message, press any key.","Первый запуск
 
Для выбора фишки кликните на ней левой кнопкой мыши.
Выберите пару фишек, чтобы убрать их.
 
Для управления камерой зажмите правую кнопку мыши и двигайте мышь. Или используйте стрелки и +/- с/ без Шифта.
Для возврата камеры в исходное положение нажмите X.
 
Чтобы убрать это сообщение, нажмите любую кнопку.","Erster Lauf
 
Um einen Spielstein auszuwählen, klicken Sie Ihn mit der linken Maustaste an. Wählen Sie ein Paar Spielsteine um diese zu entfernen.
 
Um die Kamera zu kontrollieren halten Sie die rechte Maustaste gedrückt und bewegen die Maus umher. Alternativ können Sie Pfeil/+/- Tasten mit/ohne Shift-Taste benutzen.
Um die Kamera zurückzusetzen, drücken Sie X.
 
Um diese Nachricht zu verstecken, drücken Sie eine beliebige Taste.","Premier démarrage
 
Pour sélectionner une tuile, cliquer dessus avec le bouton gauche de la souris.
Sélectionner une paire de tuiles pour les enlever.
 
Pour contrôler la caméra, maintenir le bouton droit de la souris et déplacer la souris. Ou utiliser les touches fléchées/+/- sans maj.
Pour réinitialiser la position de la caméra, presser X.
 
Pour cacher ce message, presser n'importe quelle touche.","Primera ejecución
 
Para seleccionar una ficha, haga clic con el botón izquierdo del ratón.
Seleccione un par de fichas para eliminarlos.
 
Para el control de la cámara, mantenga pulsado el botón derecho del ratón y mueva el ratón. O utilice las teclas de dirección /+/- sin may.
Para restablecer la posición de la cámara, pulse X.
 
Para ocultar este mensaje, pulse cualquier tecla.","पहली बार

एक टाइल को चुनने के लिए उस पर दये माउस बटन से क्लिक करे |
दो टाइल की जोड़ी बना कर उन्हें हटाये |

कैमरा को सँभालने के लिए बाए माउस बटन को दबा कर रखे और माउस को हिलाए | या फिर एरो-की और +/- की का प्रयोग करे Shift की के बिना |
कैमरे की स्थिथि पुनः तैयार करने के लिए X दबाये |

इस सन्देश को छुपाने के लिए कोई भी बटन दबाये | "
"TUTORIAL_LOSS","Loss
 
There are no more turns left. You can undo the last turn, shuffle tiles, restart the game, or start a new one.","Поражение
 
Не осталось ни одного доступного хода. Вы можете отменить последний ход, перемешать фишки, перезапустить партию или начать новую.","Niederlage
 
Es sind keine Züge mehr möglich. Sie können den letzten Zug rückgängig machen, die Spielsteine neu mischen oder ein neues Spiel starten.","Perdu
 
Il ne reste pas d'autre tour. Vous pouvez défaire le dernier tour, mélanger les tuiles, redémarrer le jeu ou en démarrer un nouveau.","Pérdida
 
No hay más vueltas a la izquierda. Puede deshacer la última vuelta, mezclar las fichas, reiniciar el juego, o iniciar uno nuevo.","हार

कोई भी चाल नहीं बची है | आप अपनी पिछली चल को अनडू ,टाइल्स को फेट ,खेल को  पुनः शुरू या एक नया खेल शुरू कर सकते है |"
"TUTORIAL_ONLINE_AVAILABLE","Online scored games are now supported
 
You have to register at website to be able to play an online scored game and enable it in Settings.
 
Do you want to go to website for registration and to Settings to enable online scoring?","Теперь поддерживаются игры с сетевым рейтингом
 
Вам необходимо зарегистрироваться на сайте, чтобы играть с сетевым рейтингом, а также включить его в Настройках.
 
Хотите перейти на сайт для регистрации и в Настройки для включения сетевого рейтинга?","Online Highscores sind jetzt verfügbar.
 
Sie müssen sich online registrieren, bevor Ihre Highscores online übertragen werden können.
 
Wollen Sie die Registrierungsseite zur registrierung aufrufen und dann in die Einstellungen die Highscorelisten aktivieren?",,,
"TUTORIAL_SURVEY","Survey
 
You're using a testing version of OGS Mahjong. It's incomplete and can be unstable. Would you like to participate in a survey to help us make the game better?","Опрос
 
Вы используете тестовую версию OGS Маджонг. Она может быть не совсем завершена и несколько нестабильна. Согласны ли вы принять участие в опросе, чтобы помочь нам улучшить игру?","Umfrage
 
Sie nutzen eine Testversion von OGS Mahjong. Es ist derzeit unvollständig und kann instabil sein. Möchten Sie an unserer Umfrage teilnehmen, um dieses Spiel besser zu machen?","Enquête
 
Vous utilisez une version test de OGS Mahjong. Elle est incomplète et peut être instable. Voudriez-vous participer à une enquête pour nous aider à rendre le jeu meilleur ?","Encuesta
 
Está utilizando una versión de prueba de OGS Mahjong. Es incompleta, y puede ser inestable. ¿Quieres participar en una encuesta para ayudarnos a mejorar el juego?","सर्वेक्षण

आप OGS Mahjong के एक टेस्टिंग संस्करण को खेल रहे है |ये अभी अधुरा है और असंतुलित भी हो सकता है |क्या आप इस खेल को बेहतर बनाने के लिए सर्वेक्षण में भाग लेना चाहते है ? "
"TUTORIAL_SURVEY_LATER","Later","Позже","Später","Plus tard","más tarde","बाद में"
"TUTORIAL_VICTORY","Victory
 
Congratulations! You have won!
Enter your name and check out statistics to see if you made it to the top.","Победа
 
Поздравляем! Вы победили!
Введите своё имя и проверьте статистику, может быть, вы поставили рекорд.","Sieg
 
Herzlichen Glückwunsch! Sie haben gewonnen!
Geben Sie Ihren Namen ein und überprüfen Sie in der Statistik, ob Sie es an die Spitze geschafft haben.","Victoire
 
Félicitations ! Vous avez gagné !
Entrez votre nom et vérifiez les statistiques pour voir si vous êtes en tête.","Victoria
 
¡Felicitaciones! ¡Has ganado!
Escriba su nombre y echa un vistazo a las estadísticas para ver si has llegado a la cima de puntuaciones.","जीत

बधाई हो!!! आप जीत गए !!!
अपना नाम डाले और देखे के आप क्रम सूची में कहा तक पहुचे |"
"URL_DONATE","http://opengamestudio.org/donate","http://opengamestudio.org/donate","http://opengamestudio.org/donate","http://opengamestudio.org/donate","http://opengamestudio.org/donate","http://opengamestudio.org/donate"
"URL_JOIN","http://opengamestudio.org/lang/en/join-us ","http://opengamestudio.org/lang/ru/join-us ","http://opengamestudio.org/lang/en/join-us ","http://opengamestudio.org/lang/en/join-us ","http://opengamestudio.org/lang/en/join-us ","http://opengamestudio.org/lang/en/join-us "
"URL_SURVEY","http://opengamestudio.org/lang/en/ogs-mahjong-testing-survey","http://opengamestudio.org/lang/ru/ogs-mahjong-testing-survey","http://opengamestudio.org/lang/en/ogs-mahjong-testing-survey","http://opengamestudio.org/lang/en/ogs-mahjong-testing-survey","http://opengamestudio.org/lang/en/ogs-mahjong-testing-survey","http://opengamestudio.org/lang/en/ogs-mahjong-testing-survey"
"YES","Yes","Да","Ja","Oui","Si","हाँ"
